x-coord,y-coord,azimuth,altitude,declination,stars
-107.92117618452396,44.82626181975907,216.35306829015298,0.36,-34.52550147987428, 20Eps Sgr
