x-coord,y-coord,azimuth,altitude,declination,stars
-107.9209747727813,44.826152501897056,262.87498365065255,0.32,-4.820417212884393, 10Alp CMi
