x-coord,y-coord,azimuth,altitude,declination,stars
-1.8262360043886352,51.17884012111485,51.73048393450921,0.39,23.176608325155396," 13Alp Ari,Summer solstice"
