x-coord,y-coord,azimuth,altitude,declination,stars
-1.8262288711340406,51.178835202242816,50.98732530249763,0.39,23.573020468173667," 13Alp Ari,Summer solstice"
