x-coord,y-coord,azimuth,altitude,declination,stars
-1.8262894462730954,51.17886893455324,52.65770969372736,0.36,22.652711122347466,
