x-coord,y-coord,azimuth,altitude,declination,stars
39.104816458733126,27.321779686478887,61.410784596877534,3.44,26.866821607714524,
