x-coord,y-coord,azimuth,altitude,declination,stars
-1.8263084126226647,51.178897037797,53.57083042695088,0.36,22.15747978077035,
