x-coord,y-coord,azimuth,altitude,declination,stars
-107.92178635286164,44.826237307798856,61.591908688872294,0.34,19.974443419403002,
1,2,3,4,5,6
1,2,3,4,5,6
